{
"Cycle0" : {
	"Tracking0" : {
		"Cx" : 0.2 , "Cy" : 0.2
		,"Px" : 0.25 , "Py" : 0.25
		,"dPxdCx" : -1.99091 , "dPydCx" : -10.2887
		,"dPxdCy" : 7.48626 , "dPydCy" : 3.57885
		}
	,"Tracking1" : {
		"Cx" : 0.2 , "Cy" : 0.2
		,"Px" : 0.75 , "Py" : 0.25
		,"dPxdCx" : -3.6975 , "dPydCx" : -12.3157
		,"dPxdCy" : 5.01203 , "dPydCy" : 0.219788
		}
	,"Tracking2" : {
		"Cx" : 0.2 , "Cy" : 0.2
		,"Px" : 0.25 , "Py" : 0.75
		,"dPxdCx" : -2.15354 , "dPydCx" : -7.04597
		,"dPxdCy" : 10.3145 , "dPydCy" : 10.0665
		}
	,"Tracking3" : {
		"Cx" : 0.2 , "Cy" : 0.2
		,"Px" : 0.75 , "Py" : 0.75
		,"dPxdCx" : -2.82717 , "dPydCx" : -7.43955
		,"dPxdCy" : 7.98518 , "dPydCy" : 4.17172
		}
	}

,"Cycle1" : {
	"Tracking0" : {
		"Cx" : 0.2 , "Cy" : 0.4
		,"Px" : 0.25 , "Py" : 0.25
		,"dPxdCx" : -4.50883 , "dPydCx" : -11.8483
		,"dPxdCy" : 4.2287 , "dPydCy" : -0.136952
		}
	,"Tracking1" : {
		"Cx" : 0.2 , "Cy" : 0.4
		,"Px" : 0.75 , "Py" : 0.25
		,"dPxdCx" : -0.931203 , "dPydCx" : -8.57332
		,"dPxdCy" : 4.17729 , "dPydCy" : -3.09719
		}
	,"Tracking2" : {
		"Cx" : 0.2 , "Cy" : 0.4
		,"Px" : 0.25 , "Py" : 0.75
		,"dPxdCx" : -2.10922 , "dPydCx" : -6.97204
		,"dPxdCy" : 7.11572 , "dPydCy" : 4.6834
		}
	,"Tracking3" : {
		"Cx" : 0.2 , "Cy" : 0.4
		,"Px" : 0.75 , "Py" : 0.75
		,"dPxdCx" : -2.05549 , "dPydCx" : -8.94809
		,"dPxdCy" : 7.06139 , "dPydCy" : -0.454624
		}
	}

,"Cycle2" : {
	"Tracking0" : {
		"Cx" : 0.2 , "Cy" : 0.6
		,"Px" : 0.25 , "Py" : 0.25
		,"dPxdCx" : -1.41226 , "dPydCx" : -9.12291
		,"dPxdCy" : 4.37293 , "dPydCy" : -3.41373
		}
	,"Tracking1" : {
		"Cx" : 0.2 , "Cy" : 0.6
		,"Px" : 0.75 , "Py" : 0.25
		,"dPxdCx" : 1.67649 , "dPydCx" : -8.45363
		,"dPxdCy" : 4.45711 , "dPydCy" : -3.19395
		}
	,"Tracking2" : {
		"Cx" : 0.2 , "Cy" : 0.6
		,"Px" : 0.25 , "Py" : 0.75
		,"dPxdCx" : -1.25235 , "dPydCx" : -9.20613
		,"dPxdCy" : 7.51545 , "dPydCy" : -0.0623088
		}
	,"Tracking3" : {
		"Cx" : 0.2 , "Cy" : 0.6
		,"Px" : 0.75 , "Py" : 0.75
		,"dPxdCx" : -0.589612 , "dPydCx" : -8.64488
		,"dPxdCy" : 8.50986 , "dPydCy" : -1.81219
		}
	}

,"Cycle3" : {
	"Tracking0" : {
		"Cx" : 0.4 , "Cy" : 0.2
		,"Px" : 0.25 , "Py" : 0.25
		,"dPxdCx" : -0.228401 , "dPydCx" : -10.4954
		,"dPxdCy" : 7.38004 , "dPydCy" : 7.88156
		}
	,"Tracking1" : {
		"Cx" : 0.4 , "Cy" : 0.2
		,"Px" : 0.75 , "Py" : 0.25
		,"dPxdCx" : -0.654005 , "dPydCx" : -10.1862
		,"dPxdCy" : 5.68629 , "dPydCy" : 3.85931
		}
	,"Tracking2" : {
		"Cx" : 0.4 , "Cy" : 0.2
		,"Px" : 0.25 , "Py" : 0.75
		,"dPxdCx" : -1.07012 , "dPydCx" : -6.43936
		,"dPxdCy" : 6.05404 , "dPydCy" : 4.0666
		}
	,"Tracking3" : {
		"Cx" : 0.4 , "Cy" : 0.2
		,"Px" : 0.75 , "Py" : 0.75
		,"dPxdCx" : -1.12652 , "dPydCx" : -4.17868
		,"dPxdCy" : 6.4344 , "dPydCy" : 4.28045
		}
	}

,"Cycle4" : {
	"Tracking0" : {
		"Cx" : 0.4 , "Cy" : 0.4
		,"Px" : 0.25 , "Py" : 0.25
		,"dPxdCx" : -0.806949 , "dPydCx" : -9.92259
		,"dPxdCy" : 7.00417 , "dPydCy" : 4.81315
		}
	,"Tracking1" : {
		"Cx" : 0.4 , "Cy" : 0.4
		,"Px" : 0.75 , "Py" : 0.25
		,"dPxdCx" : -0.69137 , "dPydCx" : -10.3138
		,"dPxdCy" : 7.78102 , "dPydCy" : 0.66527
		}
	,"Tracking2" : {
		"Cx" : 0.4 , "Cy" : 0.4
		,"Px" : 0.25 , "Py" : 0.75
		,"dPxdCx" : -0.730991 , "dPydCx" : -3.70794
		,"dPxdCy" : 6.53903 , "dPydCy" : 4.45045
		}
	,"Tracking3" : {
		"Cx" : 0.4 , "Cy" : 0.4
		,"Px" : 0.75 , "Py" : 0.75
		,"dPxdCx" : -0.358339 , "dPydCx" : -4.51233
		,"dPxdCy" : 6.7417 , "dPydCy" : 2.10811
		}
	}

,"Cycle5" : {
	"Tracking0" : {
		"Cx" : 0.4 , "Cy" : 0.6
		,"Px" : 0.25 , "Py" : 0.25
		,"dPxdCx" : -0.907241 , "dPydCx" : -9.75497
		,"dPxdCy" : 8.75487 , "dPydCy" : 1.06065
		}
	,"Tracking1" : {
		"Cx" : 0.4 , "Cy" : 0.6
		,"Px" : 0.75 , "Py" : 0.25
		,"dPxdCx" : -0.402659 , "dPydCx" : -8.79045
		,"dPxdCy" : 8.72293 , "dPydCy" : -1.35154
		}
	,"Tracking2" : {
		"Cx" : 0.4 , "Cy" : 0.6
		,"Px" : 0.25 , "Py" : 0.75
		,"dPxdCx" : 0.00204312 , "dPydCx" : -4.23849
		,"dPxdCy" : 7.06432 , "dPydCy" : 2.60449
		}
	,"Tracking3" : {
		"Cx" : 0.4 , "Cy" : 0.6
		,"Px" : 0.75 , "Py" : 0.75
		,"dPxdCx" : -0.170021 , "dPydCx" : -8.19537
		,"dPxdCy" : 4.15772 , "dPydCy" : -0.648849
		}
	}

,"Cycle6" : {
	"Tracking0" : {
		"Cx" : 0.6 , "Cy" : 0.2
		,"Px" : 0.25 , "Py" : 0.25
		,"dPxdCx" : 1.27818 , "dPydCx" : -8.55239
		,"dPxdCy" : 4.93791 , "dPydCy" : 0.807117
		}
	,"Tracking1" : {
		"Cx" : 0.6 , "Cy" : 0.2
		,"Px" : 0.75 , "Py" : 0.25
		,"dPxdCx" : 0.330582 , "dPydCx" : -5.41532
		,"dPxdCy" : 4.90002 , "dPydCy" : 2.43719
		}
	,"Tracking2" : {
		"Cx" : 0.6 , "Cy" : 0.2
		,"Px" : 0.25 , "Py" : 0.75
		,"dPxdCx" : -0.928566 , "dPydCx" : -4.99334
		,"dPxdCy" : 2.35143 , "dPydCy" : 0.145049
		}
	,"Tracking3" : {
		"Cx" : 0.6 , "Cy" : 0.2
		,"Px" : 0.75 , "Py" : 0.75
		,"dPxdCx" : -0.586895 , "dPydCx" : -2.77797
		,"dPxdCy" : 1.88501 , "dPydCy" : -0.256067
		}
	}

,"Cycle7" : {
	"Tracking0" : {
		"Cx" : 0.6 , "Cy" : 0.4
		,"Px" : 0.25 , "Py" : 0.25
		,"dPxdCx" : 0.330524 , "dPydCx" : -5.17263
		,"dPxdCy" : 5.43177 , "dPydCy" : 2.37256
		}
	,"Tracking1" : {
		"Cx" : 0.6 , "Cy" : 0.4
		,"Px" : 0.75 , "Py" : 0.25
		,"dPxdCx" : 0.416165 , "dPydCx" : -5.66366
		,"dPxdCy" : 5.23633 , "dPydCy" : 1.26387
		}
	,"Tracking2" : {
		"Cx" : 0.6 , "Cy" : 0.4
		,"Px" : 0.25 , "Py" : 0.75
		,"dPxdCx" : -0.448105 , "dPydCx" : -2.60562
		,"dPxdCy" : 1.46137 , "dPydCy" : 0.246749
		}
	,"Tracking3" : {
		"Cx" : 0.6 , "Cy" : 0.4
		,"Px" : 0.75 , "Py" : 0.75
		,"dPxdCx" : -0.184919 , "dPydCx" : -3.49127
		,"dPxdCy" : 2.71697 , "dPydCy" : -0.00324484
		}
	}

,"Cycle8" : {
	"Tracking0" : {
		"Cx" : 0.6 , "Cy" : 0.6
		,"Px" : 0.25 , "Py" : 0.25
		,"dPxdCx" : 0.404161 , "dPydCx" : -4.87076
		,"dPxdCy" : 6.08753 , "dPydCy" : 1.36257
		}
	,"Tracking1" : {
		"Cx" : 0.6 , "Cy" : 0.6
		,"Px" : 0.75 , "Py" : 0.25
		,"dPxdCx" : -0.114603 , "dPydCx" : -8.58214
		,"dPxdCy" : 3.11163 , "dPydCy" : -0.493836
		}
	,"Tracking2" : {
		"Cx" : 0.6 , "Cy" : 0.6
		,"Px" : 0.25 , "Py" : 0.75
		,"dPxdCx" : -0.0759718 , "dPydCx" : -3.12953
		,"dPxdCy" : 2.8461 , "dPydCy" : 0.349886
		}
	,"Tracking3" : {
		"Cx" : 0.6 , "Cy" : 0.6
		,"Px" : 0.75 , "Py" : 0.75
		,"dPxdCx" : 0.299959 , "dPydCx" : -6.82548
		,"dPxdCy" : 2.49744 , "dPydCy" : -0.376043
		}
	}
}

