{
	"GridLayout" : { "ControlGridX":3, "ControlGridY":3, "ScreenGridX":2, "ScreenGridY":2 }
	,"MotionMotorSpeed" : 0.00224399
	,"PanMin" : 0.0923423
	,"PanMax" : 0.907658
	,"TiltMin" : 0.0945946
	,"TiltMax" : 0.905405
	,
	"CalibrationData":
	[
		 
		{
			"Ci":0, "Cj":0, "Cx":0.292342, "Cy":0.294595,
			"Samples" :
			[
				 { "Pi":0, "Pj":0, "Px":0.25, "Py":0.25, "dPxdCx":16.8843, "dPydCx":-6.38594, "dPxdCy":1.00282, "dPydCy":-15.9306 }
				,{ "Pi":1, "Pj":0, "Px":0.75, "Py":0.25, "dPxdCx":11.8488, "dPydCx":-3.88858, "dPxdCy":2.41278, "dPydCy":-20.7628 }
				,{ "Pi":0, "Pj":1, "Px":0.25, "Py":0.75, "dPxdCx":16.0079, "dPydCx":1.22632, "dPxdCy":-5.13077, "dPydCy":-2.73076 }
				,{ "Pi":1, "Pj":1, "Px":0.75, "Py":0.75, "dPxdCx":10.8995, "dPydCx":2.28606, "dPxdCy":-8.75641, "dPydCy":-11.8837 }
			]
		}
		,
		{
			"Ci":1, "Cj":0, "Cx":0.455405, "Cy":0.294595,
			"Samples" :
			[
				 { "Pi":0, "Pj":0, "Px":0.25, "Py":0.25, "dPxdCx":10.9832, "dPydCx":-2.82964, "dPxdCy":-5.14036, "dPydCy":-28.4747 }
				,{ "Pi":1, "Pj":0, "Px":0.75, "Py":0.25, "dPxdCx":9.61179, "dPydCx":-3.64203, "dPxdCy":-2.53463, "dPydCy":-22.9919 }
				,{ "Pi":0, "Pj":1, "Px":0.25, "Py":0.75, "dPxdCx":10.6596, "dPydCx":-0.358709, "dPxdCy":-13.0302, "dPydCy":-21.3899 }
				,{ "Pi":1, "Pj":1, "Px":0.75, "Py":0.75, "dPxdCx":10.0117, "dPydCx":-3.34795, "dPxdCy":-9.06663, "dPydCy":-24.8637 }
			]
		}
		,
		{
			"Ci":2, "Cj":0, "Cx":0.618468, "Cy":0.294595,
			"Samples" :
			[
				 { "Pi":0, "Pj":0, "Px":0.25, "Py":0.25, "dPxdCx":11.7131, "dPydCx":-6.53151, "dPxdCy":0.344651, "dPydCy":-21.0004 }
				,{ "Pi":1, "Pj":0, "Px":0.75, "Py":0.25, "dPxdCx":10.347, "dPydCx":-6.43046, "dPxdCy":2.01956, "dPydCy":-21.1647 }
				,{ "Pi":0, "Pj":1, "Px":0.25, "Py":0.75, "dPxdCx":13.6864, "dPydCx":-4.35035, "dPxdCy":-3.68391, "dPydCy":-23.0884 }
				,{ "Pi":1, "Pj":1, "Px":0.75, "Py":0.75, "dPxdCx":14.2634, "dPydCx":-4.49453, "dPxdCy":-2.07808, "dPydCy":-27.0768 }
			]
		}
		,
		{
			"Ci":0, "Cj":1, "Cx":0.292342, "Cy":0.456757,
			"Samples" :
			[
				 { "Pi":0, "Pj":0, "Px":0.25, "Py":0.25, "dPxdCx":20.311, "dPydCx":5.77693, "dPxdCy":3.59402, "dPydCy":-11.9747 }
				,{ "Pi":1, "Pj":0, "Px":0.75, "Py":0.25, "dPxdCx":14.6483, "dPydCx":1.05072, "dPxdCy":4.26413, "dPydCy":-18.6169 }
				,{ "Pi":0, "Pj":1, "Px":0.25, "Py":0.75, "dPxdCx":20.5961, "dPydCx":15.8575, "dPxdCy":-4.7145, "dPydCy":0.458848 }
				,{ "Pi":1, "Pj":1, "Px":0.75, "Py":0.75, "dPxdCx":20.4851, "dPydCx":18.8224, "dPxdCy":-4.14726, "dPydCy":-9.67807 }
			]
		}
		,
		{
			"Ci":1, "Cj":1, "Cx":0.455405, "Cy":0.456757,
			"Samples" :
			[
				 { "Pi":0, "Pj":0, "Px":0.25, "Py":0.25, "dPxdCx":14.2137, "dPydCx":-0.831724, "dPxdCy":-2.57126, "dPydCy":-27.5174 }
				,{ "Pi":1, "Pj":0, "Px":0.75, "Py":0.25, "dPxdCx":13.2885, "dPydCx":-3.89742, "dPxdCy":-1.80633, "dPydCy":-23.6254 }
				,{ "Pi":0, "Pj":1, "Px":0.25, "Py":0.75, "dPxdCx":19.2294, "dPydCx":19.6557, "dPxdCy":-2.82395, "dPydCy":-16.3722 }
				,{ "Pi":1, "Pj":1, "Px":0.75, "Py":0.75, "dPxdCx":15.9366, "dPydCx":8.44658, "dPxdCy":-4.7494, "dPydCy":-16.8982 }
			]
		}
		,
		{
			"Ci":2, "Cj":1, "Cx":0.618468, "Cy":0.456757,
			"Samples" :
			[
				 { "Pi":0, "Pj":0, "Px":0.25, "Py":0.25, "dPxdCx":12.4625, "dPydCx":-1.71572, "dPxdCy":-1.74683, "dPydCy":-21.1178 }
				,{ "Pi":1, "Pj":0, "Px":0.75, "Py":0.25, "dPxdCx":13.7287, "dPydCx":0.442477, "dPxdCy":-0.709818, "dPydCy":-22.907 }
				,{ "Pi":0, "Pj":1, "Px":0.25, "Py":0.75, "dPxdCx":14.2963, "dPydCx":1.46753, "dPxdCy":-4.70167, "dPydCy":-16.0813 }
				,{ "Pi":1, "Pj":1, "Px":0.75, "Py":0.75, "dPxdCx":15.2763, "dPydCx":-8.93619, "dPxdCy":-2.86008, "dPydCy":-21.8498 }
			]
		}
		,
		{
			"Ci":0, "Cj":2, "Cx":0.292342, "Cy":0.618919,
			"Samples" :
			[
				 { "Pi":0, "Pj":0, "Px":0.25, "Py":0.25, "dPxdCx":11.978, "dPydCx":3.45592, "dPxdCy":6.7067, "dPydCy":-3.23731 }
				,{ "Pi":1, "Pj":0, "Px":0.75, "Py":0.25, "dPxdCx":7.82935, "dPydCx":5.71852, "dPxdCy":3.96407, "dPydCy":-9.67054 }
				,{ "Pi":0, "Pj":1, "Px":0.25, "Py":0.75, "dPxdCx":6.93294, "dPydCx":1.51295, "dPxdCy":-7.98463, "dPydCy":1.86533 }
				,{ "Pi":1, "Pj":1, "Px":0.75, "Py":0.75, "dPxdCx":5.08893, "dPydCx":0.4866, "dPxdCy":-4.04755, "dPydCy":-6.82707 }
			]
		}
		,
		{
			"Ci":1, "Cj":2, "Cx":0.455405, "Cy":0.618919,
			"Samples" :
			[
				 { "Pi":0, "Pj":0, "Px":0.25, "Py":0.25, "dPxdCx":9.82431, "dPydCx":7.31975, "dPxdCy":2.89126, "dPydCy":-15.0689 }
				,{ "Pi":1, "Pj":0, "Px":0.75, "Py":0.25, "dPxdCx":9.85382, "dPydCx":4.76939, "dPxdCy":1.01349, "dPydCy":-11.5322 }
				,{ "Pi":0, "Pj":1, "Px":0.25, "Py":0.75, "dPxdCx":6.26277, "dPydCx":0.635476, "dPxdCy":-2.5162, "dPydCy":-10.1167 }
				,{ "Pi":1, "Pj":1, "Px":0.75, "Py":0.75, "dPxdCx":7.04217, "dPydCx":-0.573911, "dPxdCy":-0.0715803, "dPydCy":-12.2652 }
			]
		}
		,
		{
			"Ci":2, "Cj":2, "Cx":0.618468, "Cy":0.618919,
			"Samples" :
			[
				 { "Pi":0, "Pj":0, "Px":0.25, "Py":0.25, "dPxdCx":13.1331, "dPydCx":3.80452, "dPxdCy":-1.10067, "dPydCy":-9.95882 }
				,{ "Pi":1, "Pj":0, "Px":0.75, "Py":0.25, "dPxdCx":12.0806, "dPydCx":-1.77213, "dPxdCy":0.278978, "dPydCy":-14.9103 }
				,{ "Pi":0, "Pj":1, "Px":0.25, "Py":0.75, "dPxdCx":11.595, "dPydCx":-0.134038, "dPxdCy":0.950252, "dPydCy":-10.6638 }
				,{ "Pi":1, "Pj":1, "Px":0.75, "Py":0.75, "dPxdCx":15.1271, "dPydCx":-0.922869, "dPxdCy":0.130131, "dPydCy":-10.9206 }
			]
		}
	]
}
