{
	"GridLayout" : { "ControlGridX":3, "ControlGridY":3, "ScreenGridX":2, "ScreenGridY":2 }
	,
	"CalibrationData":
	[
		 
		{
			"Ci":0, "Cj":0, "Cx":0.2, "Cy":0.2,
			"Samples" :
			[
				 { "Pi":0, "Pj":0, "Px":0.25, "Py":0.25, "dPxdCx":-3.96325, "dPydCx":-15.5353, "dPxdCy":7.09043, "dPydCy":4.34279 }
				,{ "Pi":1, "Pj":0, "Px":0.75, "Py":0.25, "dPxdCx":-3.73028, "dPydCx":-13.0117, "dPxdCy":4.30246, "dPydCy":-0.812786 }
				,{ "Pi":0, "Pj":1, "Px":0.25, "Py":0.75, "dPxdCx":-2.31388, "dPydCx":-8.36745, "dPxdCy":8.851, "dPydCy":9.38405 }
				,{ "Pi":1, "Pj":1, "Px":0.75, "Py":0.75, "dPxdCx":-2.37724, "dPydCx":-8.66626, "dPxdCy":7.64193, "dPydCy":2.96778 }
			]
		}
		,
		{
			"Ci":1, "Cj":0, "Cx":0.4, "Cy":0.2,
			"Samples" :
			[
				 { "Pi":0, "Pj":0, "Px":0.25, "Py":0.25, "dPxdCx":-0.648286, "dPydCx":-13.2786, "dPxdCy":6.76074, "dPydCy":9.09205 }
				,{ "Pi":1, "Pj":0, "Px":0.75, "Py":0.25, "dPxdCx":-0.395198, "dPydCx":-10.9081, "dPxdCy":6.39345, "dPydCy":2.57908 }
				,{ "Pi":0, "Pj":1, "Px":0.25, "Py":0.75, "dPxdCx":-1.0395, "dPydCx":-6.84928, "dPxdCy":6.50527, "dPydCy":3.98478 }
				,{ "Pi":1, "Pj":1, "Px":0.75, "Py":0.75, "dPxdCx":-1.56935, "dPydCx":-4.92667, "dPxdCy":6.87998, "dPydCy":1.42004 }
			]
		}
		,
		{
			"Ci":2, "Cj":0, "Cx":0.6, "Cy":0.2,
			"Samples" :
			[
				 { "Pi":0, "Pj":0, "Px":0.25, "Py":0.25, "dPxdCx":1.1949, "dPydCx":-9.35375, "dPxdCy":6.2829, "dPydCy":1.27288 }
				,{ "Pi":1, "Pj":0, "Px":0.75, "Py":0.25, "dPxdCx":0.124434, "dPydCx":-6.13253, "dPxdCy":6.03982, "dPydCy":-0.303142 }
				,{ "Pi":0, "Pj":1, "Px":0.25, "Py":0.75, "dPxdCx":-0.808363, "dPydCx":-5.23657, "dPxdCy":4.1501, "dPydCy":0.20878 }
				,{ "Pi":1, "Pj":1, "Px":0.75, "Py":0.75, "dPxdCx":-1.6084, "dPydCx":-3.34068, "dPxdCy":3.98676, "dPydCy":-0.29467 }
			]
		}
		,
		{
			"Ci":0, "Cj":1, "Cx":0.2, "Cy":0.4,
			"Samples" :
			[
				 { "Pi":0, "Pj":0, "Px":0.25, "Py":0.25, "dPxdCx":-4.15737, "dPydCx":-13.9652, "dPxdCy":3.92905, "dPydCy":-1.22613 }
				,{ "Pi":1, "Pj":0, "Px":0.75, "Py":0.25, "dPxdCx":-0.280416, "dPydCx":-11.3427, "dPxdCy":5.9141, "dPydCy":-4.42263 }
				,{ "Pi":0, "Pj":1, "Px":0.25, "Py":0.75, "dPxdCx":-1.7194, "dPydCx":-8.91941, "dPxdCy":7.18938, "dPydCy":2.86216 }
				,{ "Pi":1, "Pj":1, "Px":0.75, "Py":0.75, "dPxdCx":-1.64783, "dPydCx":-10.9966, "dPxdCy":8.17482, "dPydCy":-2.49402 }
			]
		}
		,
		{
			"Ci":1, "Cj":1, "Cx":0.4, "Cy":0.4,
			"Samples" :
			[
				 { "Pi":0, "Pj":0, "Px":0.25, "Py":0.25, "dPxdCx":-0.759806, "dPydCx":-12.0227, "dPxdCy":7.09258, "dPydCy":2.93831 }
				,{ "Pi":1, "Pj":0, "Px":0.75, "Py":0.25, "dPxdCx":-0.607591, "dPydCx":-11.714, "dPxdCy":8.14247, "dPydCy":-2.41236 }
				,{ "Pi":0, "Pj":1, "Px":0.25, "Py":0.75, "dPxdCx":-1.20316, "dPydCx":-5.15224, "dPxdCy":7.63073, "dPydCy":1.51947 }
				,{ "Pi":1, "Pj":1, "Px":0.75, "Py":0.75, "dPxdCx":-0.195244, "dPydCx":-7.19152, "dPxdCy":6.29642, "dPydCy":0.183689 }
			]
		}
		,
		{
			"Ci":2, "Cj":1, "Cx":0.6, "Cy":0.4,
			"Samples" :
			[
				 { "Pi":0, "Pj":0, "Px":0.25, "Py":0.25, "dPxdCx":0.199372, "dPydCx":-5.80331, "dPxdCy":7.20346, "dPydCy":-0.454725 }
				,{ "Pi":1, "Pj":0, "Px":0.75, "Py":0.25, "dPxdCx":0.265085, "dPydCx":-6.8425, "dPxdCy":5.59634, "dPydCy":-0.717683 }
				,{ "Pi":0, "Pj":1, "Px":0.25, "Py":0.75, "dPxdCx":-1.43721, "dPydCx":-3.33898, "dPxdCy":3.86895, "dPydCy":0.1441 }
				,{ "Pi":1, "Pj":1, "Px":0.75, "Py":0.75, "dPxdCx":0.280732, "dPydCx":-4.49247, "dPxdCy":4.6302, "dPydCy":-0.0813335 }
			]
		}
		,
		{
			"Ci":0, "Cj":2, "Cx":0.2, "Cy":0.6,
			"Samples" :
			[
				 { "Pi":0, "Pj":0, "Px":0.25, "Py":0.25, "dPxdCx":-0.860662, "dPydCx":-12.1893, "dPxdCy":6.15267, "dPydCy":-4.91964 }
				,{ "Pi":1, "Pj":0, "Px":0.75, "Py":0.25, "dPxdCx":4.8242, "dPydCx":-11.9604, "dPxdCy":6.60645, "dPydCy":-3.98545 }
				,{ "Pi":0, "Pj":1, "Px":0.25, "Py":0.75, "dPxdCx":-1.14246, "dPydCx":-11.0287, "dPxdCy":8.58779, "dPydCy":-2.43962 }
				,{ "Pi":1, "Pj":1, "Px":0.75, "Py":0.75, "dPxdCx":1.64932, "dPydCx":-11.0986, "dPxdCy":8.74579, "dPydCy":-1.29039 }
			]
		}
		,
		{
			"Ci":1, "Cj":2, "Cx":0.4, "Cy":0.6,
			"Samples" :
			[
				 { "Pi":0, "Pj":0, "Px":0.25, "Py":0.25, "dPxdCx":-0.971015, "dPydCx":-11.9106, "dPxdCy":8.91635, "dPydCy":-2.75365 }
				,{ "Pi":1, "Pj":0, "Px":0.75, "Py":0.25, "dPxdCx":2.07493, "dPydCx":-11.3489, "dPxdCy":8.89177, "dPydCy":-1.41047 }
				,{ "Pi":0, "Pj":1, "Px":0.25, "Py":0.75, "dPxdCx":0.0641302, "dPydCx":-6.52731, "dPxdCy":7.17502, "dPydCy":0.350987 }
				,{ "Pi":1, "Pj":1, "Px":0.75, "Py":0.75, "dPxdCx":-0.10773, "dPydCx":-10.8171, "dPxdCy":6.32804, "dPydCy":-1.17277 }
			]
		}
		,
		{
			"Ci":2, "Cj":2, "Cx":0.6, "Cy":0.6,
			"Samples" :
			[
				 { "Pi":0, "Pj":0, "Px":0.25, "Py":0.25, "dPxdCx":0.213611, "dPydCx":-6.42682, "dPxdCy":7.18036, "dPydCy":-0.839512 }
				,{ "Pi":1, "Pj":0, "Px":0.75, "Py":0.25, "dPxdCx":-0.186515, "dPydCx":-10.6196, "dPxdCy":5.93692, "dPydCy":-0.240709 }
				,{ "Pi":0, "Pj":1, "Px":0.25, "Py":0.75, "dPxdCx":0.449554, "dPydCx":-4.24236, "dPxdCy":4.61834, "dPydCy":0.232295 }
				,{ "Pi":1, "Pj":1, "Px":0.75, "Py":0.75, "dPxdCx":0.298615, "dPydCx":-7.67205, "dPxdCy":5.09567, "dPydCy":-0.674246 }
			]
		}
	]
}
